month,wg_dp,wg_ep,wg_bm,wg_ntis,wg_tbl,wg_tms,wg_dfy,wg_svar,wg_infl
1990-01-31,-3.4647177455761864,-2.7377745518509062,0.390454744,-0.012333538,0.0763,0.005299999999999999,0.009599999999999997,0.000923423,0.001588562
1990-02-28,-3.3855163073299956,-2.684119796103492,0.414971396,-0.01389679,0.0764,0.010099999999999998,0.009500000000000008,0.002892048,0.010309278
1990-03-31,-3.3861881061628902,-2.710584368446284,0.40917309,-0.011729203,0.0774,0.0102,0.0092,0.001008578,0.004709576
1990-04-30,-3.4023747527288735,-2.752840315900938,0.471333956,-0.010291443,0.079,0.009900000000000006,0.00839999999999999,0.001032245,0.00546875
1990-05-31,-3.3650100525897035,-2.7319133890179037,0.480284256,-0.010149281,0.0777,0.01469999999999999,0.00839999999999999,0.000966777,0.001554002
1990-06-30,-3.4430026127715485,-2.8262781700428152,0.443569974,-0.002261809,0.0774,0.010900000000000007,0.009399999999999992,0.001361447,0.002327386
1990-07-31,-3.4241674130531328,-2.8237614778482434,0.442949432,-0.000507275,0.0773,0.00910000000000001,0.009599999999999997,0.001350826,0.005417957
1990-08-31,-3.414055206275496,-2.81102692540476,0.439212447,0.004885058,0.0762,0.00979999999999999,0.009599999999999997,0.001298437,0.003849115
1990-09-30,-3.310140688583538,-2.7045222056129608,0.488073563,0.001439211,0.0745,0.0175,0.009999999999999995,0.005827789,0.009202454
1990-10-31,-3.252771743042577,-2.6445946056040155,0.520289666,0.00137288,0.0736,0.017799999999999996,0.01079999999999999,0.001984792,0.008358663
1990-11-30,-3.2389778390814343,-2.6440242496283957,0.522451921,-0.000470684,0.0717,0.018100000000000005,0.0121,0.004492764,0.006028636
1990-12-31,-3.2901612394955193,-2.7084242391420488,0.498505655,0.000909887,0.0706,0.015200000000000005,0.013200000000000003,0.002439892,0.002247191
1991-01-31,-3.3077113410643197,-2.739175853130079,0.48449686,-0.001845904,0.0674,0.017,0.013800000000000007,0.000794596,0.0
1991-02-28,-3.347728686443716,-2.7861209788103274,0.4663078,0.000721557,0.0622,0.0215,0.014100000000000001,0.003193549,0.005979073
1991-03-31,-3.4121818373615236,-2.8575457292214606,0.442720441,0.001246896,0.0594,0.024699999999999993,0.012399999999999994,0.002431347,0.001485884
1991-04-30,-3.433480963050464,-2.885851315173074,0.4571256,0.003251398,0.0591,0.025300000000000003,0.0116,0.001375056,0.00148368
1991-05-31,-3.4328121924048,-2.910854515189481,0.461239599,0.005730157,0.0565,0.027199999999999995,0.010800000000000004,0.002072775,0.001481482
1991-06-30,-3.4696416296627794,-2.9739864945004384,0.439966969,0.006982102,0.0546,0.029900000000000003,0.009999999999999995,0.001585169,0.00295858
1991-07-31,-3.419551010766845,-2.9508448393040596,0.458243743,0.014247487,0.0557,0.030299999999999994,0.009499999999999995,0.00117989,0.002949853
1991-08-31,-3.4599241961099665,-3.0224123682466115,0.440356782,0.014835554,0.0558,0.029200000000000004,0.008900000000000005,0.00110533,0.001470588
1991-09-30,-3.475893786232598,-3.070344205891905,0.437639637,0.017331297,0.0533,0.028499999999999998,0.009000000000000008,0.002037637,0.002936858
1991-10-31,-3.4530797760875105,-3.080323027725431,0.441531837,0.023289042,0.0522,0.026799999999999997,0.009000000000000008,0.000474697,0.004392387
1991-11-30,-3.466827054889143,-3.127333395319518,0.434003454,0.025508895,0.0499,0.029200000000000004,0.009399999999999992,0.001125662,0.001457726
1991-12-31,-3.423865899453412,-3.118911351208368,0.46015449,0.030689947,0.0456,0.033299999999999996,0.0097,0.00204902,0.002911208
1992-01-31,-3.5316202026998593,-3.2625900636226404,0.420344417,0.031812383,0.0407,0.032299999999999995,0.009500000000000008,0.00204955,0.000725689
1992-02-29,-3.508222728161115,-3.237910259812231,0.413229679,0.031941468,0.038,0.0396,0.009300000000000003,0.000872443,0.001450326
1992-03-31,-3.514447756490556,-3.2428649352771544,0.407630525,0.033556022,0.0384,0.03930000000000001,0.009399999999999992,0.000913228,0.003620565
1992-04-30,-3.489098675948213,-3.2162534889930905,0.402106034,0.041900536,0.0404,0.039299999999999995,0.008999999999999994,0.000469757,0.005050505
1992-05-31,-3.5167149411060614,-3.2262107693328277,0.387303472,0.038661809,0.0375,0.0428,0.008800000000000002,0.001661044,0.00143575
1992-06-30,-3.517792066265976,-3.209929565238186,0.382998516,0.037175491,0.0363,0.041800000000000004,0.008500000000000008,0.000690029,0.001433692
1992-07-31,-3.500386294695566,-3.1754600490714138,0.392042354,0.043076561,0.0366,0.0399,0.008300000000000002,0.000752919,0.003579098
1992-08-31,-3.536977492841532,-3.1949084958014287,0.3833487,0.041494792,0.0321,0.0405,0.007700000000000012,0.000897463,0.0021398
1992-09-30,-3.510664248563662,-3.151808983173316,0.399405037,0.043049958,0.0313,0.041199999999999994,0.006999999999999992,0.000369547,0.002846975
1992-10-31,-3.517709683635312,-3.142411334487988,0.397656972,0.041137783,0.0291,0.04189999999999999,0.006999999999999992,0.000872241,0.002838893
1992-11-30,-3.5200800113323667,-3.125299866370453,0.403251178,0.041096098,0.0286,0.0455,0.008500000000000008,0.000944145,0.00353857
1992-12-31,-3.55016734672068,-3.136259548712312,0.393626459,0.037986651,0.0313,0.043500000000000004,0.008599999999999997,0.000508095,0.001410437
1993-01-31,-3.560490821490873,-3.1278122466945395,0.394109614,0.038828686,0.0322,0.0404,0.008300000000000002,0.000471552,-0.000704225
1993-02-28,-3.564988022990823,-3.1218226584857667,0.393048105,0.041753841,0.03,0.042499999999999996,0.007599999999999996,0.000348851,0.004933051
1993-03-31,-3.572891323277257,-3.1194079582093575,0.385960197,0.040728169,0.0293,0.0405,0.0068000000000000005,0.001146897,0.003506311
1993-04-30,-3.5889045931665424,-3.125251722835533,0.333613526,0.037106416,0.0295,0.0407,0.005699999999999997,0.001004725,0.00349406
1993-05-31,-3.5619819346299204,-3.1081118194865174,0.334349806,0.039812685,0.0287,0.04139999999999999,0.0068000000000000005,0.001004785,0.002785515
1993-06-30,-3.5832772919180753,-3.1392552503061664,0.324882422,0.040254628,0.0296,0.040499999999999994,0.007800000000000001,0.000817308,0.001388889
1993-07-31,-3.5828577139241093,-3.1487663742857652,0.325931248,0.041154022,0.0307,0.03609999999999999,0.00739999999999999,0.000573851,0.001386963
1993-08-31,-3.5776202296908415,-3.124972476241721,0.323777031,0.041007788,0.0304,0.03520000000000001,0.007599999999999996,0.000608963,0.0
1993-09-30,-3.6115844994199717,-3.140706672713612,0.313864983,0.040192936,0.0302,0.032100000000000004,0.007499999999999993,0.000281569,0.002770083
1993-10-31,-3.6016502027062587,-3.1128727161620304,0.322351822,0.041840712,0.0295,0.03320000000000001,0.0068000000000000005,0.000470675,0.002071823
1993-11-30,-3.619317022237262,-3.108197940820367,0.311362833,0.040367137,0.0302,0.032100000000000004,0.006400000000000003,0.000314227,0.004135079
1993-12-31,-3.6047762190378494,-3.0718735377606707,0.311079411,0.04383756,0.031,0.034100000000000005,0.007300000000000001,0.000576352,0.000686342
1994-01-31,-3.6132810843419514,-3.059120921872198,0.305267223,0.045726871,0.0306,0.0348,0.007599999999999996,0.000269682,0.0
1994-02-28,-3.6418280292773106,-3.07869689013908,0.288058567,0.043671136,0.0298,0.033900000000000007,0.007300000000000001,0.000423488,0.002743484
1994-03-31,-3.607889365508939,-3.0359309875925735,0.299058821,0.045041132,0.0325,0.035699999999999996,0.0068000000000000005,0.001026077,0.003419973
1994-04-30,-3.5576501012139685,-2.9769977678188986,0.307483805,0.041905087,0.035,0.03749999999999999,0.006499999999999992,0.000892103,0.003408316
1994-05-31,-3.565760021131753,-2.952566661215472,0.303664786,0.039846647,0.0368,0.0377,0.006400000000000003,0.001373668,0.001358696
1994-06-30,-3.574767178185879,-2.930257737963018,0.297469476,0.039642046,0.0414,0.034499999999999996,0.0063,0.000750503,0.000678426
1994-07-31,-3.5442566713944177,-2.869588491200144,0.308417077,0.033996564,0.0414,0.036,0.0068000000000000005,0.000797133,0.003389831
1994-08-31,-3.572958853659609,-2.872785892145796,0.296985381,0.031212188,0.0433,0.0313,0.0068999999999999895,0.000327283,0.002702703
1994-09-30,-3.607628062003333,-2.8827040690184793,0.285683819,0.028707457,0.0448,0.0313,0.0067000000000000115,0.000560388,0.004043127
1994-10-31,-3.5780918384121305,-2.829115508015208,0.290904659,0.029004251,0.0462,0.033800000000000004,0.006400000000000003,0.000801893,0.002684564
1994-11-30,-3.592363269529842,-2.8106271135461887,0.286071274,0.026001443,0.0495,0.0314,0.0063,0.001158428,0.000669344
1994-12-31,-3.5457412875934664,-2.732684956475911,0.298992614,0.022919175,0.0529,0.027899999999999994,0.006400000000000003,0.000836399,0.001337793
1995-01-31,-3.5516967566569098,-2.7086382634537642,0.2915683,0.016596292,0.056,0.023899999999999998,0.006400000000000003,0.000704923,0.0
1995-02-28,-3.575684396932208,-2.711606536504987,0.290853734,0.015095328,0.0571,0.020900000000000002,0.006200000000000011,0.000289377,0.004008016
1995-03-31,-3.611123108196305,-2.7264586141606957,0.278730036,0.014533984,0.0577,0.018100000000000005,0.005899999999999989,0.000472414,0.003992016
1995-04-30,-3.638085575420416,-2.7332497225210277,0.313876542,0.014390439,0.0573,0.0182,0.0058,0.000484306,0.003313453
1995-05-31,-3.6608370288136993,-2.7417558129518924,0.301994701,0.013013333,0.0565,0.017999999999999995,0.005699999999999997,0.00025692,0.00330251
1995-06-30,-3.691710604647818,-2.7587131808886505,0.292264254,0.010744673,0.0567,0.010999999999999996,0.005500000000000005,0.001011442,0.001974984
1995-07-31,-3.707986958217972,-2.7613986964742967,0.286429618,0.008275797,0.0547,0.012300000000000005,0.006000000000000005,0.000696764,0.001971091
1995-08-31,-3.733946351512044,-2.785445453848576,0.277160367,0.007061973,0.0542,0.014899999999999997,0.0063,0.000773228,0.0
1995-09-30,-3.728324581995689,-2.7779422451439686,0.283046135,0.009122313,0.054,0.013400000000000002,0.006199999999999997,0.00020673,0.002622951
1995-10-31,-3.7623729254775635,-2.8101250519881504,0.272494998,0.006380169,0.0528,0.013499999999999998,0.006099999999999994,0.000381454,0.001962067
1995-11-30,-3.7521645335654874,-2.8167611210379024,0.274420245,0.012222073,0.0528,0.011300000000000004,0.0063,0.000487817,0.003263708
1995-12-31,-3.7872039018496326,-2.8687517690594637,0.257168852,0.016870953,0.0536,0.0087,0.006599999999999995,0.000546163,-0.000650618
1996-01-31,-3.7993346720581638,-2.897949959269636,0.255026383,0.015526518,0.0514,0.008899999999999998,0.006699999999999998,0.000820537,-0.000651042
1996-02-29,-3.8238232998446926,-2.929260737770471,0.241877172,0.016127863,0.05,0.0109,0.006600000000000009,0.001383955,0.005863192
1996-03-31,-3.823175357585847,-2.935388201149576,0.237894737,0.016801368,0.0483,0.017599999999999998,0.006400000000000003,0.001267631,0.003238342
1996-04-30,-3.8235667651911283,-2.942488906581524,0.239299615,0.016891912,0.0496,0.018800000000000004,0.0068000000000000005,0.001741716,0.005164622
1996-05-31,-3.832924982035051,-2.947347649047272,0.240075806,0.021121954,0.0495,0.021099999999999994,0.006900000000000003,0.000981838,0.003853565
1996-06-30,-3.851546086307554,-2.9615318664922055,0.236923516,0.026419154,0.0502,0.0215,0.0068000000000000005,0.001125291,0.001919386
1996-07-31,-3.849847928441131,-2.955444247971818,0.236443725,0.027216174,0.0509,0.0194,0.006900000000000003,0.000394804,0.00063857
1996-08-31,-3.7939327013078485,-2.8982637444953165,0.241819894,0.031136865,0.0515,0.019200000000000002,0.007000000000000006,0.002355148,0.001914486
1996-09-30,-3.8035591336592987,-2.9066532186626635,0.238061118,0.030886107,0.0505,0.022099999999999995,0.007199999999999998,0.001121521,0.001910828
1996-10-31,-3.847389917171492,-2.9492664892527856,0.227297318,0.029580737,0.0509,0.019500000000000003,0.006900000000000003,0.000686243,0.00317864
1996-11-30,-3.867859795637652,-2.9500981911761333,0.221747656,0.025655808,0.0499,0.017200000000000007,0.0068000000000000005,0.000606645,0.003168568
1996-12-31,-3.933364820946943,-2.9965516099373932,0.205007919,0.022067342,0.0503,0.013999999999999999,0.006900000000000003,0.000703735,0.001895136
1997-01-31,-3.906355589926097,-2.951035193004638,0.20734273,0.024125687,0.0491,0.0182,0.006900000000000003,0.001709085,0.0
1997-02-28,-3.9622951998967357,-2.9976344580740832,0.196240103,0.024406934,0.0503,0.018600000000000005,0.006699999999999998,0.001360082,0.003152585
1997-03-31,-3.964640252900873,-2.990795187904119,0.194395411,0.022910926,0.0501,0.019300000000000005,0.0063,0.001474791,0.003142678
1997-04-30,-3.917545942245285,-2.9346602355584834,0.214780202,0.021148544,0.0514,0.020900000000000002,0.0063,0.002001462,0.002506266
1997-05-31,-3.972054266242645,-2.9888599925793025,0.201741048,0.01694529,0.0516,0.018899999999999993,0.006100000000000008,0.003005081,0.00125
1997-06-30,-4.0267295433908,-3.0432257119946184,0.192878588,0.013264451,0.0505,0.019599999999999992,0.006199999999999997,0.002007456,-0.00062422
1997-07-31,-4.067019483487831,-3.083210044025854,0.184287615,0.010846707,0.0493,0.019500000000000003,0.006099999999999994,0.001974463,0.001249219
1997-08-31,-4.138468957426061,-3.157692274085589,0.171964943,0.011592659,0.0505,0.013200000000000003,0.006099999999999994,0.002010215,0.001247661
1997-09-30,-4.075542370450688,-3.09779135927405,0.185505404,0.012877263,0.0514,0.015799999999999995,0.006000000000000005,0.002464722,0.001869159
1997-10-31,-4.123587351568449,-3.148841916752475,0.177967857,0.014634266,0.0495,0.015399999999999997,0.005500000000000005,0.002626494,0.002487562
1997-11-30,-4.084940189478856,-3.1213312479859088,0.190000677,0.016262827,0.0497,0.0126,0.005699999999999997,0.009363821,0.00248139
1997-12-31,-4.125019603722656,-3.1725833695209635,0.180746299,0.015667209,0.0514,0.010000000000000002,0.005500000000000005,0.00266211,-0.000618812
1998-01-31,-4.137092815433343,-3.195884433061569,0.178800884,0.015559472,0.0516,0.008599999999999997,0.005600000000000008,0.002249374,-0.00123839
1998-02-28,-4.144099201631061,-3.2074951220501284,0.178840273,0.013739636,0.0504,0.0085,0.0058,0.002468843,0.001859888
1998-03-31,-4.144099201631061,-3.2074951220501284,0.165463097,0.012056378,0.0509,0.009000000000000001,0.0058,0.001053348,0.001856436
1998-04-30,-4.144099201631061,-3.2074951220501284,0.181140396,0.016488862,0.0503,0.009899999999999999,0.006000000000000005,0.001136786,0.001852996
1998-05-31,-4.144099201631061,-3.2074951220501284,0.175872922,0.016405362,0.0495,0.0109,0.006400000000000003,0.001614764,0.001849568
1998-06-30,-4.144099201631061,-3.2074951220501284,0.179102206,0.019075206,0.05,0.0092,0.006099999999999994,0.000958823,0.001846154
1998-07-31,-4.144099201631061,-3.2074951220501284,0.178060606,0.02401058,0.0498,0.007800000000000001,0.006000000000000005,0.002097344,0.001228501
1998-08-31,-4.144099201631061,-3.2074951220501284,0.179438109,0.025353565,0.0496,0.008800000000000002,0.0059999999999999915,0.002228176,0.001226994
1998-09-30,-4.086600514930241,-3.2164734604759935,0.211432092,0.028519028,0.049,0.005699999999999997,0.006200000000000011,0.009333917,0.00122549
1998-10-31,-4.086600514930241,-3.2164734604759935,0.203248404,0.02408291,0.0461,0.005600000000000001,0.006900000000000003,0.009971017,0.00122399
1998-11-30,-4.086600514930241,-3.2164734604759935,0.185519077,0.020740088,0.0396,0.014399999999999996,0.008099999999999996,0.005171528,0.002444988
1998-12-31,-4.086600514930241,-3.2164734604759935,0.174846845,0.022003581,0.0441,0.009399999999999999,0.009300000000000003,0.001936679,0.0
1999-01-31,-4.086600514930241,-3.2164734604759935,0.173611315,0.02005703,0.0439,0.010299999999999997,0.010100000000000005,0.003286897,-0.000609756
1999-02-28,-4.086600514930241,-3.2164734604759935,0.170320619,0.015587699,0.0434,0.0102,0.01050000000000001,0.003335614,0.002440513
1999-03-31,-4.086600514930241,-3.2164734604759935,0.17127681,0.018446665,0.0444,0.0143,0.009899999999999992,0.00348215,0.001217286
1999-04-30,-4.086600514930241,-3.2164734604759935,0.172897171,0.02066812,0.0444,0.0148,0.00910000000000001,0.003213587,0.003039514
1999-05-31,-4.086600514930241,-3.2164734604759935,0.156825876,0.025181267,0.0429,0.0165,0.008400000000000005,0.002726626,0.007272727
1999-06-30,-4.086600514930241,-3.2164734604759935,0.160231135,0.025897438,0.045,0.0165,0.007900000000000004,0.003085649,0.0
1999-07-31,-4.086600514930241,-3.2164734604759935,0.154227447,0.018868576,0.0457,0.017000000000000008,0.00789999999999999,0.002409247,0.0
1999-08-31,-4.086600514930241,-3.2164734604759935,0.158796473,0.019370437,0.0455,0.0184,0.007599999999999996,0.001611178,0.003008424
1999-09-30,-4.086600514930241,-3.2164734604759935,0.156243027,0.018880736,0.0472,0.0177,0.007500000000000007,0.002729849,0.00239952
1999-10-31,-4.086600514930241,-3.2164734604759935,0.163684498,0.020379682,0.0468,0.017800000000000003,0.00810000000000001,0.002704943,0.004787552
1999-11-30,-4.086600514930241,-3.2164734604759935,0.157690661,0.020445233,0.0486,0.016500000000000008,0.008300000000000002,0.004875975,0.001786778
1999-12-31,-4.086600514930241,-3.2164734604759935,0.155545967,0.018280448,0.0507,0.015499999999999993,0.007900000000000004,0.001354267,0.00059453
2000-01-31,-4.086600514930241,-3.2164734604759935,0.147167259,0.017888757,0.052,0.0162,0.006400000000000003,0.001148775,0.0
2000-02-29,-4.086600514930241,-3.2164734604759935,0.15465416,0.025358783,0.0532,0.013400000000000009,0.005500000000000005,0.0052063,0.002970885
2000-03-31,-4.086600514930241,-3.2164734604759935,0.167056433,0.02741882,0.0555,0.009100000000000004,0.006100000000000008,0.003000466,0.005924171
2000-04-30,-4.086600514930241,-3.2164734604759935,0.149973562,0.018291389,0.0569,0.004900000000000002,0.006900000000000003,0.006678316,0.008244994
2000-05-31,-4.086600514930241,-3.2164734604759935,0.152600418,0.011944944,0.0566,0.006400000000000003,0.0076000000000000095,0.007941747,0.000584112
2000-06-30,-4.086600514930241,-3.2164734604759935,0.155668731,0.009178526,0.0579,0.006100000000000001,0.009099999999999997,0.005185423,0.001167542
2000-07-31,-4.086600514930241,-3.2164734604759935,0.156777962,0.007124211,0.0569,0.005299999999999999,0.008099999999999996,0.002359757,0.005247813
2000-08-31,-4.086600514930241,-3.2164734604759935,0.155674151,0.004712234,0.0596,0.0015000000000000013,0.007000000000000006,0.002065433,0.002320186
2000-09-30,-4.086600514930241,-3.2164734604759935,0.146053064,0.004674639,0.0609,-0.0015000000000000013,0.007100000000000009,0.001039253,0.0
2000-10-31,-4.086600514930241,-3.2164734604759935,0.153789463,0.004468919,0.06,0.0011999999999999997,0.007300000000000001,0.001599995,0.005208333
2000-11-30,-4.086600514930241,-3.2164734604759935,0.149300789,0.003744283,0.0611,-0.0011000000000000038,0.007900000000000004,0.005568209,0.001727116
2000-12-31,-4.086600514930241,-3.2164734604759935,0.157280893,0.001157451,0.0617,-0.0040999999999999995,0.008300000000000002,0.003272414,0.000574713
2001-01-31,-4.086600514930241,-3.2164734604759935,0.151851504,-0.002261747,0.0577,-0.001899999999999999,0.008099999999999996,0.005299248,-0.000574383
2001-02-28,-4.086600514930241,-3.2164734604759935,0.150449666,-0.003192596,0.0515,0.004700000000000003,0.007800000000000001,0.004941018,0.006321839
2001-03-31,-4.086600514930241,-3.2164734604759935,0.156070091,-0.006855726,0.0488,0.006099999999999994,0.007700000000000012,0.00252841,0.003997716
2001-04-30,-4.086600514930241,-3.2164734604759935,0.133113551,-0.005213448,0.0442,0.011699999999999995,0.008599999999999997,0.007139595,0.002275313
2001-05-31,-4.086600514930241,-3.2164734604759935,0.122496901,-0.002543021,0.0387,0.0206,0.0087,0.007426261,0.003972758
2001-06-30,-4.086600514930241,-3.2164734604759935,0.120510188,-0.000248286,0.0362,0.0232,0.0077999999999999875,0.002536237,0.004522329
2001-07-31,-4.086600514930241,-3.2164734604759935,0.125209433,0.00504076,0.0349,0.024099999999999996,0.00789999999999999,0.001508358,0.001688239
2001-08-31,-4.086600514930241,-3.2164734604759935,0.124966583,0.007913839,0.0351,0.020999999999999998,0.00839999999999999,0.002899613,-0.002808989
2001-09-30,-4.086600514930241,-3.2164734604759935,0.132164144,0.009918328,0.0336,0.021000000000000005,0.008300000000000002,0.002221521,0.0
2001-10-31,-4.086600514930241,-3.2164734604759935,0.148628588,0.008652739,0.0264,0.0278,0.008599999999999997,0.007167594,0.004507042
2001-11-30,-4.086600514930241,-3.2164734604759935,0.1449014,0.01074927,0.0216,0.028999999999999998,0.008800000000000002,0.003249773,-0.003365115
2001-12-31,-4.086600514930241,-3.2164734604759935,0.133481367,0.01116177,0.0187,0.0366,0.008400000000000005,0.002189358,-0.001688239
2002-01-31,-4.086600514930241,-3.2164734604759935,0.131217846,0.013464826,0.0169,0.040600000000000004,0.012800000000000006,0.001797958,-0.003945885
2002-02-28,-4.086600514930241,-3.2164734604759935,0.132560549,0.011191293,0.0165,0.0404,0.013200000000000003,0.00218388,0.002263724
2002-03-31,-4.086600514930241,-3.2164734604759935,0.130119086,0.012499025,0.0172,0.0391,0.013799999999999993,0.002567843,0.003952569
2002-04-30,-4.086600514930241,-3.2164734604759935,0.236833402,0.013759452,0.0179,0.0425,0.013000000000000012,0.002014821,0.005624297
2002-05-31,-4.086600514930241,-3.2164734604759935,0.247732313,0.015106854,0.0171,0.040400000000000005,0.012700000000000003,0.002319778,0.005592841
2002-06-30,-4.086600514930241,-3.2164734604759935,0.248255614,0.022277337,0.0173,0.040499999999999994,0.013399999999999995,0.00410161,0.0
2002-07-31,-4.1224897491626304,-3.6113524338440746,0.266572502,0.027522765,0.017,0.039599999999999996,0.013200000000000003,0.003707947,0.000556174
2002-08-31,-4.045200303160939,-3.48874940111177,0.282032195,0.028441032,0.0168,0.037599999999999995,0.013700000000000004,0.015342791,0.001111729
2002-09-30,-4.0550952994243445,-3.454868059764967,0.284411556,0.024747692,0.0162,0.0348,0.0121,0.009409291,0.003331483
2002-10-31,-3.9435972312791616,-3.3010140512739397,0.324555156,0.029299294,0.0163,0.031700000000000006,0.012499999999999997,0.007366113,0.00166021
2002-11-30,-4.020712001107434,-3.4114796972585015,0.293437064,0.025670939,0.0158,0.034999999999999996,0.014099999999999988,0.011589636,0.001657459
2002-12-31,-4.070464758331704,-3.4953215853888735,0.276975499,0.022907595,0.0123,0.0398,0.0131,0.004449075,0.0
2003-01-31,-4.002514281304905,-3.4622639528662376,0.295385896,0.025735978,0.0119,0.0365,0.012399999999999994,0.002639538,-0.002206288
2003-02-28,-3.97161100216909,-3.4020157601494043,0.305942307,0.028288953,0.0117,0.0378,0.011799999999999998,0.005167574,0.004422333
2003-03-31,-3.951364988491539,-3.353435250599266,0.312251321,0.027918707,0.0117,0.0355,0.011099999999999999,0.00256412,0.007705008
2003-04-30,-3.9566012500092262,-3.331285316643828,0.286117701,0.024098597,0.0113,0.0373,0.010600000000000005,0.006136118,0.006007646
2003-05-31,-4.035743588331239,-3.3637576218523715,0.269654031,0.019966882,0.0113,0.0368,0.011100000000000006,0.00306481,-0.002171553
2003-06-30,-4.0865995414115295,-3.3699248809383464,0.258375506,0.006448109,0.0107,0.0329,0.011599999999999992,0.00222832,-0.001632209
2003-07-31,-4.099086369390221,-3.339527230353939,0.254488337,0.001261887,0.0092,0.036,0.012199999999999996,0.001997701,0.001089918
2003-08-31,-4.106527817090342,-3.3174673768760754,0.247643335,0.000271576,0.009,0.0452,0.011299999999999998,0.002046016,0.001088732
2003-09-30,-4.106527817090342,-3.3174673768760754,0.242856073,0.002917013,0.0095,0.043699999999999996,0.011299999999999998,0.000966056,0.003806417
2003-10-31,-4.095158170620028,-3.250983129171457,0.246541783,0.007323406,0.0094,0.0396,0.010700000000000001,0.001869089,0.003250271
2003-11-30,-4.095158170620028,-3.250983129171457,0.233308967,0.007211423,0.0092,0.0426,0.010299999999999997,0.001407613,-0.001079914
2003-12-31,-4.095158170620028,-3.250983129171457,0.233754152,0.010000791,0.0093,0.0426,0.010100000000000005,0.000919663,-0.002702703
2004-01-31,-4.095158170620028,-3.250983129171457,0.218739865,0.006946311,0.009,0.0421,0.009800000000000003,0.0008937,-0.001084011
2004-02-29,-4.095158170620028,-3.250983129171457,0.218027721,0.006886502,0.0088,0.0411,0.009000000000000001,0.000978793,0.004883342
2004-03-31,-4.095158170620028,-3.250983129171457,0.21605322,0.009361319,0.0093,0.03900000000000001,0.0077000000000000055,0.000610751,0.005399568
2004-04-30,-4.095158170620028,-3.250983129171457,0.281731466,0.012282039,0.0094,0.038,0.007800000000000001,0.00198125,0.006444683
2004-05-31,-4.095158170620028,-3.250983129171457,0.285371867,0.013766282,0.0094,0.0437,0.007300000000000008,0.001230938,0.003201708
2004-06-30,-4.095158170620028,-3.250983129171457,0.286411574,0.016330083,0.0102,0.0437,0.007100000000000002,0.000977615,0.005851064
2004-07-31,-4.095158170620028,-3.250983129171457,0.279631603,0.014491426,0.0127,0.040499999999999994,0.0076999999999999985,0.00077077,0.003172924
2004-08-31,-4.095158170620028,-3.250983129171457,0.28778831,0.014720672,0.0133,0.039,0.007999999999999993,0.000777094,-0.001581444
2004-09-30,-4.095158170620028,-3.250983129171457,0.286820616,0.014278702,0.0148,0.034499999999999996,0.008100000000000003,0.001442852,0.000527983
2004-10-31,-4.095158170620028,-3.250983129171457,0.289485302,0.009132246,0.0165,0.0323,0.008100000000000003,0.000705683,0.002110818
2004-11-30,-4.095158170620028,-3.250983129171457,0.291009597,0.007428858,0.0176,0.0302,0.007400000000000004,0.001230469,0.005265929
2004-12-31,-4.095158170620028,-3.250983129171457,0.279831646,0.012176907,0.0207,0.029500000000000002,0.0068000000000000005,0.000857426,0.000523835
2005-01-31,-4.095158170620028,-3.250983129171457,0.270619243,0.013001511,0.0219,0.0265,0.0068000000000000005,0.00072785,-0.003664922
2005-02-28,-4.095158170620028,-3.250983129171457,0.278179856,0.013545494,0.0233,0.0232,0.006599999999999995,0.000821405,0.002101944
2005-03-31,-4.095158170620028,-3.250983129171457,0.271041024,0.01175841,0.0254,0.0225,0.006200000000000004,0.000834444,0.005768222
2005-04-30,-4.095158170620028,-3.250983129171457,0.319856889,0.009097227,0.0274,0.021400000000000002,0.006600000000000002,0.000859895,0.007820647
2005-05-31,-4.095158170620028,-3.250983129171457,0.329624401,0.007935564,0.0278,0.018300000000000004,0.007199999999999998,0.001825894,0.006725298
2005-06-30,-4.095158170620028,-3.250983129171457,0.320965505,0.004776615,0.0284,0.015599999999999996,0.008600000000000003,0.000859416,-0.001027749
2005-07-31,-4.095158170620028,-3.250983129171457,0.326979057,0.005365658,0.0297,0.0132,0.009000000000000001,0.000542119,0.000514403
2005-08-31,-4.095158170620028,-3.250983129171457,0.315734275,0.004480077,0.0322,0.013400000000000002,0.008899999999999998,0.000649908,0.004627249
2005-09-30,-4.095158170620028,-3.250983129171457,0.320533125,0.005404938,0.0344,0.008800000000000002,0.0087,0.000696723,0.005117707
2005-10-31,-4.095158170620028,-3.250983129171457,0.31789151,0.006716414,0.0342,0.012199999999999996,0.009000000000000001,0.000659901,0.012219959
2005-11-30,-4.095158170620028,-3.250983129171457,0.321808187,0.005749308,0.0371,0.011299999999999998,0.009500000000000001,0.001817986,0.002012072
2005-12-31,-4.095158170620028,-3.250983129171457,0.310914346,0.005767971,0.0388,0.009299999999999996,0.0097,0.000539899,-0.008032129
2006-01-31,-4.095158170620028,-3.250983129171457,0.313477957,0.003058882,0.0389,0.007200000000000005,0.009500000000000008,0.000432998,-0.004048583
2006-02-28,-4.095158170620028,-3.250983129171457,0.309226258,-0.000445737,0.0424,0.0049999999999999975,0.009499999999999995,0.000975425,0.007621951
2006-03-31,-4.095158170620028,-3.250983129171457,0.305610361,0.002038331,0.0443,0.0013999999999999985,0.009200000000000007,0.000648536,0.002017146
2006-04-30,-4.095158170620028,-3.250983129171457,0.316009441,0.002151998,0.0451,0.005600000000000001,0.008800000000000002,0.000545251,0.005535984
2006-05-31,-4.095158170620028,-3.250983129171457,0.308841978,-0.003472518,0.046,0.007199999999999998,0.008399999999999998,0.000599807,0.008508509
2006-06-30,-4.095158170620028,-3.250983129171457,0.314340308,-0.002656737,0.0472,0.0063,0.008000000000000007,0.001355164,0.004962779
2006-07-31,-4.095158170620028,-3.250983129171457,0.31485029,-0.002195485,0.0479,0.005200000000000003,0.008899999999999998,0.002102816,0.001975309
2006-08-31,-4.095158170620028,-3.250983129171457,0.313852175,-0.00236312,0.0495,0.0022999999999999965,0.00909999999999999,0.001451663,0.002957122
2006-09-30,-4.095158170620028,-3.250983129171457,0.308461799,-0.008473986,0.0496,0.0,0.009099999999999997,0.000469252,0.001965602
2006-10-31,-4.095158170620028,-3.250983129171457,0.300593284,-0.009493491,0.0481,0.00030000000000000165,0.009199999999999993,0.000513395,-0.004904365
2006-11-30,-4.095158170620028,-3.250983129171457,0.290599161,-0.008934735,0.0492,-0.0011000000000000038,0.00909999999999999,0.000450588,-0.00542139
2006-12-31,-4.095158170620028,-3.250983129171457,0.287241868,-0.015111029,0.0494,-0.002700000000000001,0.0087,0.000592195,-0.00148662
2007-01-31,-4.095158170620028,-3.250983129171457,0.2816824,-0.015036777,0.0485,0.0005999999999999964,0.009000000000000001,0.000357531,0.001488834
2007-02-28,-4.095158170620028,-3.250983129171457,0.278144211,-0.013986664,0.0498,0.0004000000000000045,0.009399999999999999,0.000450484,0.003052527
2007-03-31,-4.095158170620028,-3.250983129171457,0.286148494,-0.015141022,0.0503,-0.002599999999999998,0.008899999999999991,0.001476855,0.005350368
2007-04-30,-4.095158170620028,-3.250983129171457,0.269050014,-0.012486356,0.0494,-0.00010000000000000286,0.009700000000000007,0.001587526,0.009105696
2007-05-31,-4.095158170620028,-3.250983129171457,0.254456169,-0.008911901,0.0487,0.0001999999999999988,0.0092,0.000582146,0.006496163
2007-06-30,-4.095158170620028,-3.250983129171457,0.243911494,-0.010283119,0.0473,0.003699999999999995,0.0092,0.000696573,0.006110719
2007-07-31,-4.095158170620028,-3.250983129171457,0.24789561,-0.011064005,0.0461,0.005999999999999998,0.009100000000000004,0.001472436,0.001937975
2007-08-31,-4.095158170620028,-3.250983129171457,0.251584964,-0.015261853,0.0482,0.001899999999999999,0.009200000000000007,0.002426262,-0.000254377
2007-09-30,-4.095158170620028,-3.250983129171457,0.248839851,-0.012197537,0.042,0.006699999999999998,0.008600000000000003,0.005133964,-0.001833902
2007-10-31,-4.095158170620028,-3.250983129171457,0.239207437,-0.013015005,0.0389,0.010000000000000002,0.0085,0.001868477,0.002755907
2007-11-30,-4.095158170620028,-3.250983129171457,0.23861706,-0.017954802,0.039,0.009000000000000001,0.008199999999999999,0.001682878,0.002139191
2007-12-31,-4.095158170620028,-3.250983129171457,0.248579692,-0.025158601,0.0327,0.011799999999999998,0.009600000000000004,0.005636836,0.005939618
2008-01-31,-4.095158170620028,-3.250983129171457,0.250582973,-0.040637294,0.03,0.015,0.011600000000000006,0.00234533,-0.000670863
2008-02-29,-4.095158170620028,-3.250983129171457,0.262754422,-0.043178096,0.0275,0.0161,0.0121,0.004831786,0.004970577
2008-03-31,-4.095158170620028,-3.250983129171457,0.270979321,-0.049607134,0.0212,0.0226,0.012899999999999995,0.003225642,0.002904112
2008-04-30,-4.095158170620028,-3.250983129171457,0.254057567,-0.051830462,0.0126,0.030600000000000002,0.0138,0.006337673,0.008668213
2008-05-31,-4.095158170620028,-3.250983129171457,0.243014696,-0.048843679,0.0129,0.0329,0.014199999999999997,0.00290373,0.006064778
2008-06-30,-4.095158170620028,-3.250983129171457,0.246510612,-0.045461358,0.0173,0.0302,0.013600000000000001,0.001640653,0.008420886
2008-07-31,-4.095158170620028,-3.250983129171457,0.274491388,-0.04737685,0.0186,0.0274,0.013899999999999996,0.003425241,0.010076997
2008-08-31,-4.095158170620028,-3.250983129171457,0.273815655,-0.046931817,0.0163,0.0302,0.014899999999999997,0.004465847,0.005251011
2008-09-30,-4.095158170620028,-3.250983129171457,0.269889246,-0.046333404,0.0172,0.027700000000000002,0.015099999999999995,0.003447847,-0.003991562
2008-10-31,-4.095158170620028,-3.250983129171457,0.287123548,-0.048922801,0.0113,0.033,0.016599999999999997,0.023774669,-0.001383019
2008-11-30,-3.519168693105829,-3.3038491627690285,0.334099374,-0.055954124,0.0067,0.041100000000000005,0.02600000000000001,0.058088525,-0.010101333
2008-12-31,-3.446807022611989,-3.569908949974754,0.352867356,-0.052779528,0.0019,0.0353,0.030900000000000004,0.036256881,-0.019152895
2009-01-31,-3.4600680761373637,-4.105981340622804,0.354984225,-0.024498418,0.0003,0.03,0.0338,0.020090081,-0.010342474
2009-02-28,-3.383898605762569,-4.214464503193927,0.38939314,-0.025057922,0.0013,0.038099999999999995,0.030899999999999997,0.011971096,0.004352417
2009-03-31,-3.2810075623733606,-4.345202008048076,0.441103055,-0.024929522,0.003,0.037099999999999994,0.0281,0.009961209,0.004972933
2009-04-30,-3.376708686394564,-4.756238235173014,0.446140845,-0.037429275,0.0021,0.0334,0.029199999999999997,0.020364379,0.002431749
2009-05-31,-3.4870056384722745,-4.814910194480225,0.415597469,-0.030994753,0.0016,0.039400000000000004,0.03,0.00755104,0.002496368
2009-06-30,-3.5596772177208162,-4.836482331761346,0.399355084,-0.024350344,0.0018,0.0414,0.025200000000000007,0.00638114,0.002888764
2009-07-31,-3.5812763173013256,-4.807398800540686,0.401876406,-0.022097498,0.0018,0.0411,0.0189,0.003472526,0.008589892
2009-08-31,-3.6750931236510267,-4.677399457487832,0.370125856,-0.013781639,0.0018,0.041199999999999994,0.016800000000000002,0.003771055,-0.001585587
2009-09-30,-3.6750931236510267,-4.677399457487832,0.357471557,-0.007921399,0.0017,0.0398,0.013199999999999996,0.002177724,0.00224285
2009-10-31,-3.6750931236510267,-4.677399457487832,0.349521431,-1.43347e-05,0.0012,0.0391,0.011800000000000005,0.001912629,0.000625481
2009-11-30,-3.6750931236510267,-4.677399457487832,0.349505237,0.003197596,0.0007,0.0413,0.0114,0.003897966,0.000963101
2009-12-31,-3.6750931236510267,-4.677399457487832,0.328149106,0.007531918,0.0005,0.0401,0.011300000000000004,0.002001319,0.000707753
2010-01-31,-3.6750931236510267,-4.677399457487832,0.32553066,0.010594469,0.0005,0.0453,0.011100000000000006,0.000933435,-0.001761198
2010-02-28,-3.6750931236510267,-4.677399457487832,0.337194668,0.01340969,0.0006,0.0435,0.009899999999999999,0.001991703,0.003417474
2010-03-31,-3.6750931236510267,-4.677399457487832,0.328771382,0.013932074,0.0011,0.043000000000000003,0.009899999999999999,0.002373245,0.000249207
2010-04-30,-3.6750931236510267,-4.677399457487832,0.38187817,0.026390101,0.0015,0.0443,0.010000000000000009,0.000633409,0.004106284
2010-05-31,-3.6750931236510267,-4.677399457487832,0.376606129,0.026651118,0.0016,0.042100000000000005,0.009599999999999997,0.001793835,0.001736885
2010-06-30,-3.6750931236510267,-4.677399457487832,0.409002795,0.025719662,0.0016,0.0391,0.0109,0.008107843,0.000775197
2010-07-31,-3.6750931236510267,-4.677399457487832,0.424176542,0.018775877,0.0012,0.0364,0.013499999999999998,0.005591755,-0.000976267
2010-08-31,-3.6750931236510267,-4.677399457487832,0.396133553,0.015556764,0.0016,0.0361,0.012900000000000002,0.003348786,0.000211043
2010-09-30,-3.6750931236510267,-4.677399457487832,0.413981619,0.011217719,0.0016,0.0311,0.011699999999999995,0.002704602,0.001380664
2010-10-31,-3.6750931236510267,-4.677399457487832,0.384305783,0.003337503,0.0015,0.0326,0.011299999999999998,0.002337183,0.000581736
2010-11-30,-3.6750931236510267,-4.677399457487832,0.372887286,0.00723165,0.0013,0.0354,0.0104,0.00108007,0.001245199
2010-12-31,-3.6750931236510267,-4.677399457487832,0.376694754,0.014798012,0.0014,0.0366,0.010500000000000002,0.001737952,0.000420646
2011-01-31,-3.6750931236510267,-4.677399457487832,0.358100317,0.012611848,0.0014,0.04,0.010799999999999997,0.000832136,0.001718441
2011-02-28,-3.6750931236510267,-4.677399457487832,0.348632224,0.01536789,0.0015,0.0417,0.010500000000000002,0.00086323,0.00476323
2011-03-31,-3.6750931236510267,-4.677399457487832,0.339096574,0.015918112,0.0013,0.041299999999999996,0.009299999999999996,0.001065533,0.004931365
2011-04-30,-3.6750931236510267,-4.677399457487832,0.354269939,0.012476033,0.001,0.0419,0.009000000000000001,0.002347264,0.009751072
2011-05-31,-3.6750931236510267,-4.677399457487832,0.340696801,0.009380199,0.0006,0.040999999999999995,0.008599999999999997,0.00063653,0.00643943
2011-06-30,-3.6750931236510267,-4.677399457487832,0.347222189,0.009116844,0.0004,0.038700000000000005,0.008199999999999999,0.000934204,0.004704188
2011-07-31,-3.6750931236510267,-4.677399457487832,0.351570039,0.011733561,0.0004,0.0405,0.007600000000000003,0.002294747,-0.001070967
2011-08-31,-3.6750931236510267,-4.677399457487832,0.359418903,0.012370558,0.0004,0.0374,0.008300000000000002,0.00183074,0.000886046
2011-09-30,-3.6750931236510267,-4.677399457487832,0.375812522,0.012726561,0.0002,0.0313,0.009899999999999999,0.019222216,0.002757589
2011-10-31,-3.6750931236510267,-4.677399457487832,0.399922847,0.013049306,0.0001,0.0264,0.011799999999999998,0.006915859,0.001518462
2011-11-30,-3.6750931236510267,-4.677399457487832,0.365077905,0.007892506,0.0002,0.028900000000000002,0.013899999999999996,0.007400855,-0.002062683
2011-12-31,-3.6750931236510267,-4.677399457487832,0.362329898,-0.004340316,0.0001,0.027200000000000002,0.012700000000000003,0.007679603,-0.000843561
2012-01-31,-3.6750931236510267,-4.677399457487832,0.357232541,-0.006497329,0.0001,0.0254,0.013199999999999996,0.002764092,-0.002466516
2012-02-29,-3.6750931236510267,-4.677399457487832,0.345487303,-0.013062142,0.0003,0.024599999999999997,0.0138,0.000648134,0.004400191
2012-03-31,-3.6750931236510267,-4.677399457487832,0.336973935,-0.01446631,0.0009,0.026299999999999997,0.012900000000000002,0.0006237,0.004402974
2012-04-30,-3.6750931236510267,-4.677399457487832,0.346181967,-0.013775054,0.0008,0.028900000000000002,0.012400000000000001,0.00115527,0.007594559
2012-05-31,-3.6750931236510267,-4.677399457487832,0.346140311,-0.012414017,0.0008,0.026000000000000002,0.012299999999999998,0.001627545,0.00302103
2012-06-30,-3.6750931236510267,-4.677399457487832,0.36904736,-0.015270748,0.0009,0.0212,0.012700000000000003,0.001496091,-0.001173479
2012-07-31,-3.6750931236510267,-4.677399457487832,0.355103885,-0.019043071,0.0009,0.0224,0.0138,0.003437228,-0.001466397
2012-08-31,-3.6750931236510267,-4.677399457487832,0.351593705,-0.02032077,0.001,0.0206,0.014699999999999998,0.00155284,-0.001629786
2012-09-30,-3.6750931236510267,-4.677399457487832,0.349387052,-0.019782958,0.001,0.0213,0.0143,0.000727127,0.005565158
2012-10-31,-3.6750931236510267,-4.677399457487832,0.340382954,-0.017424899,0.0011,0.0224,0.013499999999999998,0.001044635,0.004462212
2012-11-30,-3.6750931236510267,-4.677399457487832,0.349237122,-0.015713137,0.001,0.0228,0.011099999999999999,0.000925533,-0.000388925
2012-12-31,-3.6750931236510267,-4.677399457487832,0.351137531,-0.012093927,0.0009,0.0219,0.010099999999999998,0.001902649,-0.004738087
2013-01-31,-3.6750931236510267,-4.677399457487832,0.349032443,-0.011549121,0.0007,0.0239,0.009800000000000003,0.001035707,-0.002693065
2013-02-28,-3.6750931236510267,-4.677399457487832,0.329984027,-0.008016735,0.0007,0.0284,0.009300000000000003,0.000906801,0.002957304
2013-03-31,-3.6750931236510267,-4.677399457487832,0.325431232,-0.008864254,0.001,0.0275,0.009500000000000001,0.001242743,0.00819003
2013-04-30,-3.6750931236510267,-4.677399457487832,0.346129997,-0.008910638,0.0009,0.0278,0.0092,0.00048452,0.002614509
2013-05-31,-3.6750931236510267,-4.677399457487832,0.340036254,-0.008004861,0.0006,0.0258,0.008600000000000003,0.001682747,-0.00103964
2013-06-30,-3.6750931236510267,-4.677399457487832,0.333832598,-0.004704686,0.0004,0.0305,0.008400000000000005,0.001015556,0.001780408
2013-07-31,-3.6750931236510267,-4.677399457487832,0.338444358,0.000118711,0.0005,0.0325,0.0092,0.002247674,0.002399708
2013-08-31,-3.6750931236510267,-4.677399457487832,0.325562565,0.008360605,0.0004,0.034,0.009799999999999996,0.000502065,0.000393998
2013-09-30,-3.6750931236510267,-4.677399457487832,0.340713327,0.010332113,0.0004,0.0347,0.008799999999999995,0.000950425,0.001202932
2013-10-31,-3.6750931236510267,-4.677399457487832,0.333521485,0.010118701,0.0002,0.0347,0.008300000000000002,0.000622222,0.001163005
2013-11-30,-3.6750931236510267,-4.677399457487832,0.324594825,0.009622818,0.0005,0.0337,0.007800000000000001,0.001438369,-0.002575283
2013-12-31,-3.6750931236510267,-4.677399457487832,0.313685278,0.010324775,0.0007,0.0354,0.0075,0.000644399,-0.002042424
2014-01-31,-3.6750931236510267,-4.677399457487832,0.304408126,0.012143946,0.0007,0.0371,0.007600000000000003,0.000745517,-8.58115e-05
2014-02-28,-3.6750931236510267,-4.677399457487832,0.321429277,0.013765421,0.0004,0.033800000000000004,0.006999999999999999,0.001303588,0.003720248
2014-03-31,-3.6750931236510267,-4.677399457487832,0.309163072,0.016576157,0.0005,0.0334,0.006499999999999999,0.001253565,0.003697909
2014-04-30,-3.6750931236510267,-4.677399457487832,0.350616066,0.016416603,0.0005,0.0332,0.0068000000000000005,0.000869033,0.006440044
2014-05-31,-3.6750931236510267,-4.677399457487832,0.348011319,0.016623198,0.0003,0.032299999999999995,0.006600000000000002,0.001362693,0.003296755
2014-06-30,-3.6750931236510267,-4.677399457487832,0.345173256,0.013985258,0.0003,0.0306,0.006000000000000005,0.000555204,0.00349261
2014-07-31,-3.6750931236510267,-4.677399457487832,0.342928459,0.013885426,0.0004,0.0309,0.005499999999999998,0.000282,0.001862127
2014-08-31,-3.6750931236510267,-4.677399457487832,0.348379852,0.00843769,0.0003,0.030699999999999998,0.005700000000000004,0.000949122,-0.000390194
2014-09-30,-3.6750931236510267,-4.677399457487832,0.337476204,0.006738969,0.0003,0.028399999999999998,0.006099999999999994,0.000546202,-0.001670514
2014-10-31,-3.6750931236510267,-4.677399457487832,0.338576181,0.007991418,0.0002,0.0298,0.006900000000000003,0.000721023,0.000752569
2014-11-30,-3.6750931236510267,-4.677399457487832,0.331808365,0.008032342,0.0002,0.028,0.0076999999999999985,0.002943998,-0.002512278
2014-12-31,-3.6750931236510267,-4.677399457487832,0.323661786,0.006891556,0.0002,0.0262,0.0087,0.000150254,-0.005399418
2015-01-31,-3.6750931236510267,-4.677399457487832,0.323755672,0.005625012,0.0003,0.0243,0.009499999999999995,0.001992839,-0.005670101
2015-02-28,-3.6750931236510267,-4.677399457487832,0.336168763,0.000190699,0.0003,0.0197,0.009899999999999999,0.002226629,-0.004705892
2015-03-31,-3.6750931236510267,-4.677399457487832,0.318227291,-0.003766694,0.0002,0.023600000000000003,0.009000000000000001,0.00081354,0.004343045
2015-04-30,-3.6750931236510267,-4.677399457487832,0.307454045,-0.006889707,0.0003,0.022699999999999998,0.009000000000000001,0.001720375,0.005951722
2015-05-31,-3.6750931236510267,-4.677399457487832,0.30634421,-0.007074901,0.0002,0.0247,0.009599999999999997,0.000574343,0.002032873
2015-06-30,-3.6750931236510267,-4.677399457487832,0.303449953,-0.008078408,0.0002,0.026000000000000002,0.009099999999999997,0.000886996,0.005097232
2015-07-31,-3.6750931236510267,-4.677399457487832,0.310186833,-0.008725357,0.0002,0.028300000000000002,0.009399999999999999,0.001052158,0.00350287
2015-08-31,-3.6750931236510267,-4.677399457487832,0.308953265,-0.0083577,0.0003,0.026,0.010499999999999995,0.001159779,6.70472e-05
2015-09-30,-3.6750931236510267,-4.677399457487832,0.330670987,-0.01016089,0.0007,0.0257,0.011500000000000003,0.005846949,-0.001416276
2015-10-31,-3.6750931236510267,-4.677399457487832,0.335611955,-0.013637638,0.0002,0.0251,0.012700000000000003,0.004053491,-0.001556757
2015-11-30,-3.6750931236510267,-4.677399457487832,0.309413628,-0.016832542,0.0002,0.0257,0.013900000000000003,0.001618906,-0.000449684
2015-12-31,-3.6750931236510267,-4.677399457487832,0.308429158,-0.018438097,0.0012,0.0253,0.014000000000000005,0.001118759,-0.00211068
2016-01-31,-3.6750931236510267,-4.677399457487832,0.313648814,-0.02225155,0.0023,0.0245,0.014900000000000004,0.002838486,-0.003417096
2016-02-29,-3.6750931236510267,-4.677399457487832,0.33191063,-0.020944058,0.0026,0.020999999999999998,0.014499999999999999,0.004301314,0.001653102
2016-03-31,-3.6750931236510267,-4.677399457487832,0.330901825,-0.024716052,0.0031,0.018600000000000002,0.0138,0.002601545,0.000823077
2016-04-30,-3.6750931236510267,-4.677399457487832,0.327954791,-0.023709637,0.0029,0.0189,0.0131,0.001274157,0.004306
2016-05-31,-3.6750931236510267,-4.677399457487832,0.326320889,-0.024210355,0.0023,0.02,0.011699999999999995,0.000817764,0.004741068
2016-06-30,-3.6750931236510267,-4.677399457487832,0.326072119,-0.0270483,0.0027,0.0192,0.010300000000000004,0.000995569,0.004045791
2016-07-31,-3.6750931236510267,-4.677399457487832,0.323475362,-0.028679323,0.0027,0.015199999999999998,0.010299999999999997,0.002864409,0.003284366
2016-08-31,-3.6750931236510267,-4.677399457487832,0.314661159,-0.032018959,0.003,0.014500000000000002,0.009399999999999999,0.000477664,-0.001618136
2016-09-30,-3.6750931236510267,-4.677399457487832,0.315197425,-0.030785616,0.003,0.0156,0.0092,0.000279163,0.00091843
2016-10-31,-3.6750931236510267,-4.677399457487832,0.316793887,-0.032607113,0.0029,0.0167,0.009000000000000001,0.001673113,0.002403996
2016-11-30,-3.6750931236510267,-4.677399457487832,0.319687782,-0.029037983,0.0033,0.018699999999999998,0.0087,0.000364052,0.001246749
2016-12-31,-3.6750931236510267,-4.677399457487832,0.303285786,-0.027456294,0.0045,0.0222,0.0085,0.000946372,-0.001555461
2017-01-31,-3.6750931236510267,-4.677399457487832,0.293479097,-0.025107884,0.0051,0.022099999999999998,0.0077000000000000055,0.000524022,0.000327321
2017-02-28,-3.6750931236510267,-4.677399457487832,0.29197965,-0.022661646,0.0051,0.022699999999999998,0.007400000000000004,0.000335571,0.005827728
2017-03-31,-3.6750931236510267,-4.677399457487832,0.278677833,-0.018712613,0.0052,0.0218,0.006899999999999996,0.000223913,0.003146117
2017-04-30,-3.6750931236510267,-4.677399457487832,0.281598889,-0.01619886,0.0074,0.02,0.0067000000000000046,0.000575304,0.000812798
2017-05-31,-3.6750931236510267,-4.677399457487832,0.277870026,-0.015574559,0.008,0.0185,0.006999999999999999,0.000390547,0.002965533
2017-06-30,-3.6750931236510267,-4.677399457487832,0.276968767,-0.010186138,0.0089,0.0167,0.006999999999999999,0.000503098,0.000854722
2017-07-31,-3.6750931236510267,-4.677399457487832,0.272545228,-0.009784991,0.0098,0.016,0.006900000000000003,0.00044756,0.000907111
2017-08-31,-3.6750931236510267,-4.677399457487832,0.265803679,-0.013164535,0.0107,0.015500000000000002,0.006900000000000003,0.000258844,-0.000689923
2017-09-30,-3.6750931236510267,-4.677399457487832,0.265113614,-0.012213806,0.0101,0.0141,0.0068000000000000005,0.000753376,0.002994452
2017-10-31,-3.6750931236510267,-4.677399457487832,0.259706167,-0.011086144,0.0103,0.0156,0.006699999999999998,0.000257247,0.005294906
2017-11-30,-3.6750931236510267,-4.677399457487832,0.248906199,-0.01237902,0.0107,0.015400000000000002,0.007200000000000005,0.000218153,-0.000632042
2017-12-31,-3.6750931236510267,-4.677399457487832,0.239727101,-0.012193436,0.0123,0.013699999999999999,0.006999999999999999,0.000355337,2.43247e-05
2018-01-31,-3.6750931236510267,-4.677399457487832,0.235393343,-0.019879797,0.0132,0.012199999999999999,0.007100000000000002,0.000244113,-0.000587832
2018-02-28,-3.6750931236510267,-4.677399457487832,0.222519149,-0.019044489,0.0141,0.014300000000000002,0.007100000000000002,0.000774262,0.005447746
2018-03-31,-3.6750931236510267,-4.677399457487832,0.232478066,-0.018320734,0.0157,0.0144,0.006900000000000003,0.005361664,0.00453469
2018-04-30,-3.6750931236510267,-4.677399457487832,0.259537047,-0.018222299,0.017,0.0115,0.0076999999999999985,0.00324674,0.002261126
2018-05-31,-3.6750931236510267,-4.677399457487832,0.258892156,-0.01860661,0.0176,0.012399999999999998,0.008199999999999999,0.002362669,0.003975092
2018-06-30,-3.6750931236510267,-4.677399457487832,0.25621277,-0.018934446,0.0186,0.0103,0.008300000000000002,0.000922712,0.004158917
2018-07-31,-3.6750931236510267,-4.677399457487832,0.257737396,-0.022101278,0.019,0.010100000000000001,0.0087,0.000622866,0.001593876
2018-08-31,-3.6750931236510267,-4.677399457487832,0.246138235,-0.017095922,0.0196,0.010600000000000002,0.0092,0.000654429,6.74633e-05
2018-09-30,-3.6750931236510267,-4.677399457487832,0.240927917,-0.021451234,0.0203,0.009000000000000001,0.008899999999999998,0.000471274,0.000555542
2018-10-31,-3.6750931236510267,-4.677399457487832,0.236434224,-0.020834448,0.0213,0.0121,0.009000000000000001,0.000230074,0.001162025
2018-11-30,-3.6750931236510267,-4.677399457487832,0.249072694,-0.021216896,0.0225,0.012700000000000003,0.009300000000000003,0.004577602,0.001766764
2018-12-31,-3.6750931236510267,-4.677399457487832,0.244950165,-0.024593069,0.0233,0.008399999999999998,0.010000000000000002,0.002837641,-0.003349349
2019-01-31,-3.6750931236510267,-4.677399457487832,0.268166787,-0.01922791,0.0237,0.004700000000000003,0.011099999999999999,0.006793102,-0.003193963
2019-02-28,-3.6750931236510267,-4.677399457487832,0.250229304,-0.019304705,0.0237,0.0034000000000000002,0.0119,0.003011396,0.001906597
2019-03-31,-3.6750931236510267,-4.677399457487832,0.241381772,-0.023159333,0.0239,0.0029,0.0116,0.000532403,0.004227053
2019-04-30,-3.6750931236510267,-4.677399457487832,0.244269669,-0.023231498,0.024,0.0017000000000000001,0.010700000000000001,0.001107068,0.005641358
2019-05-31,-3.6750931236510267,-4.677399457487832,0.238168368,-0.021699696,0.0238,0.0014999999999999979,0.010099999999999998,0.000374438,0.005295002
2019-06-30,-3.6750931236510267,-4.677399457487832,0.255231917,-0.020358313,0.0235,0.0005000000000000004,0.009599999999999997,0.001831636,0.002128759
2019-07-31,-3.6750931236510267,-4.677399457487832,0.238105237,-0.012538343,0.0217,-0.0010000000000000009,0.0104,0.001064813,0.000199147
2019-08-31,-3.6750931236510267,-4.677399457487832,0.235762599,-0.012604291,0.021,-0.00040000000000000105,0.009899999999999999,0.000593538,0.001670942
2019-09-30,-3.6750931236510267,-4.677399457487832,0.239878915,-0.010142436,0.0195,-0.0032000000000000015,0.008899999999999998,0.004317881,-5.06682e-05
2019-10-31,-3.6750931236510267,-4.677399457487832,0.235302225,-0.010838112,0.0189,-0.001899999999999999,0.008800000000000002,0.000605425,0.000783449
2019-11-30,-3.6750931236510267,-4.677399457487832,0.234176441,-0.013157412,0.0165,0.0005999999999999998,0.0091,0.001510308,0.002286191
2019-12-31,-3.6750931236510267,-4.677399457487832,0.225785084,-0.007796236,0.0154,0.002700000000000001,0.008799999999999999,0.000306363,-0.000536243
2020-01-31,-3.6750931236510267,-4.677399457487832,0.221931897,-0.007199151,0.0154,0.003199999999999998,0.008700000000000003,0.000502373,-0.00090977
2020-02-29,-3.6750931236510267,-4.677399457487832,0.224150037,-0.007693691,0.0152,0.002400000000000001,0.008299999999999998,0.001119022,0.00387977
2020-03-31,-3.6750931236510267,-4.677399457487832,0.249262089,-0.005560161,0.0152,-0.00020000000000000052,0.008300000000000002,0.004776639,0.002740618
2020-04-30,-3.6750931236510267,-4.677399457487832,0.302504519,-0.007700292,0.0029,0.0058,0.0127,0.073153144,-0.002176451
2020-05-31,-3.6750931236510267,-4.677399457487832,0.272328771,-0.010538056,0.0014,0.0052,0.017000000000000005,0.014307539,-0.006686942
2020-06-30,-3.6750931236510267,-4.677399457487832,0.261198884,-0.014966918,0.0013,0.0054,0.014499999999999999,0.004072032,1.95016e-05
2020-07-31,-3.6750931236510267,-4.677399457487832,0.256850069,-0.016845024,0.0016,0.0057,0.012,0.007208551,0.005472047
2020-08-31,-3.6750931236510267,-4.677399457487832,0.250868765,-0.011998151,0.0013,0.0049,0.011699999999999999,0.001607946,0.005058244
2020-09-30,-3.6750931236510267,-4.677399457487832,0.233205358,-0.008503882,0.001,0.0055,0.0102,0.000743392,0.003153211
2020-10-31,-3.6750931236510267,-4.677399457487832,0.238647743,-0.005698077,0.0011,0.005699999999999999,0.010499999999999999,0.004907442,0.001392747
2020-11-30,-3.6750931236510267,-4.677399457487832,0.250175084,-0.001895108,0.001,0.006900000000000001,0.0109,0.003661105,0.000414938
2020-12-31,-3.6750931236510267,-4.677399457487832,0.223695824,-0.005261816,0.0009,0.0078,0.010000000000000002,0.002492403,-0.000610627
2021-01-31,-3.6750931236510267,-4.677399457487832,0.216622101,-9.78815e-05,0.0009,0.0084,0.009000000000000005,0.000678177,0.000941479
2021-02-28,-3.6750931236510267,-4.677399457487832,0.221129441,0.002697338,0.0008,0.01,0.007899999999999997,0.002077588,0.004253784
2021-03-31,-3.6750931236510267,-4.677399457487832,0.214339865,0.007013702,0.0004,0.0122,0.0072000000000000015,0.001501268,0.005474383
2021-04-30,-3.6750931236510267,-4.677399457487832,0.193837464,0.015718345,0.0003,0.015799999999999998,0.007000000000000003,0.002473191,0.007083273
2021-05-31,-3.6750931236510267,-4.677399457487832,0.188725854,0.02005424,0.0002,0.016200000000000003,0.006999999999999996,0.001059284,0.008218909
2021-06-30,-3.6750931236510267,-4.677399457487832,0.18514804,0.017464301,0.0002,0.016,0.006600000000000002,0.001496482,0.008017105
2021-07-31,-3.6750931236510267,-4.677399457487832,0.185292606,0.01725459,0.0004,0.0148,0.006499999999999999,0.000607377,0.009290663
2021-08-31,-3.6750931236510267,-4.677399457487832,0.18299625,0.016079031,0.0005,0.0127,0.006699999999999998,0.001123992,0.004810524
2021-09-30,-3.6750931236510267,-4.677399457487832,0.180795476,0.014845663,0.0005,0.0123,0.0069,0.000602092,0.002065911
2021-10-31,-3.6750931236510267,-4.677399457487832,0.188898331,0.015597885,0.0004,0.013300000000000001,0.007000000000000003,0.001393442,0.002715971
2021-11-30,-3.6750931236510267,-4.677399457487832,0.178479579,0.013368226,0.0005,0.015300000000000001,0.006700000000000001,0.001151121,0.008308119
2021-12-31,-3.6750931236510267,-4.677399457487832,0.185393571,0.015639777,0.0005,0.015099999999999999,0.006600000000000002,0.001326666,0.004913428
2022-01-31,-3.6750931236510267,-4.677399457487832,0.17593173,0.012970015,0.0006,0.0141,0.006500000000000002,0.002518415,0.003072517
2022-02-28,-3.6750931236510267,-4.677399457487832,0.181973286,0.011640255,0.0015,0.0161,0.006499999999999999,0.00278006,0.008414574
2022-03-31,-3.6750931236510267,-4.677399457487832,0.188627016,0.008486821,0.0033,0.016,0.007199999999999998,0.003676328,0.009133979
2022-04-30,-3.6750931236510267,-4.677399457487832,0.206920745,-0.001122241,0.0044,0.0169,0.008600000000000003,0.00474681,0.01335138
2022-05-31,-3.6750931236510267,-4.677399457487832,0.217594818,-0.005663067,0.0076,0.0199,0.009000000000000001,0.004926537,0.005582531
2022-06-30,-3.6750931236510267,-4.677399457487832,0.217509667,-0.003371889,0.0098,0.019200000000000002,0.009899999999999999,0.007760031,0.011023524
2022-07-31,-3.6750931236510267,-4.677399457487832,0.233162299,-0.00481542,0.0149,0.016499999999999997,0.010299999999999997,0.007203426,0.013736076
2022-08-31,-3.6750931236510267,-4.677399457487832,0.218469831,-0.006119815,0.0223,0.006700000000000001,0.011500000000000003,0.003187742,-0.000118119
2022-09-30,-3.6750931236510267,-4.677399457487832,0.227723646,-0.009731028,0.0263,0.002700000000000001,0.010799999999999997,0.003348922,-0.000354399
2022-10-31,-3.6750931236510267,-4.677399457487832,0.249801309,-0.011291115,0.0313,0.0039000000000000007,0.010999999999999996,0.004933692,0.002150785
2022-11-30,-3.6750931236510267,-4.677399457487832,0.219218555,-0.015251709,0.0372,0.002600000000000005,0.011600000000000006,0.006503956,0.004056494
2022-12-31,-3.6750931236510267,-4.677399457487832,0.207450642,-0.017010668,0.0415,-0.002600000000000005,0.011699999999999995,0.006342743,-0.001010026
2023-01-31,-3.6750931236510267,-4.677399457487832,0.216478592,-0.021249309,0.0425,-0.0063,0.0116,0.002701395,-0.003070092
2023-02-28,-3.6750931236510267,-4.677399457487832,0.210516387,-0.020773373,0.0454,-0.010100000000000005,0.011000000000000003,0.002286457,0.007995364
2023-03-31,-3.6750931236510267,-4.677399457487832,0.219730408,-0.022011431,0.0465,-0.009000000000000001,0.010299999999999997,0.001740374,0.005582111
2023-04-30,-3.6750931236510267,-4.677399457487832,0.220223507,-0.022331097,0.0469,-0.010299999999999997,0.011099999999999999,0.002889458,0.00331073
2023-05-31,-3.6750931236510267,-4.677399457487832,0.214901625,-0.02138874,0.0492,-0.014600000000000002,0.010600000000000005,0.00102891,0.005059039
2023-06-30,-3.6750931236510267,-4.677399457487832,0.222671991,-0.020660379,0.0514,-0.0157,0.011000000000000003,0.001369387,0.002518435
2023-07-31,-3.6750931236510267,-4.677399457487832,0.212968937,-0.015673307,0.0516,-0.014100000000000001,0.011000000000000003,0.001113859,0.003228914
2023-08-31,-3.6750931236510267,-4.677399457487832,0.206069934,-0.016677387,0.0525,-0.013499999999999998,0.010799999999999997,0.000537247,0.001907515
2023-09-30,-3.6750931236510267,-4.677399457487832,0.211041098,-0.016513948,0.053,-0.011299999999999998,0.010699999999999994,0.001336538,0.004367155
2023-10-31,-3.6750931236510267,-4.677399457487832,0.218689846,-0.017989479,0.0532,-0.009399999999999999,0.010300000000000004,0.001022968,0.002485132
2023-11-30,-3.6750931236510267,-4.677399457487832,0.221697844,-0.014710632,0.0534,-0.005400000000000002,0.0102,0.001678092,-0.00038338
2023-12-31,-3.6750931236510267,-4.677399457487832,0.203826665,-0.020618291,0.0527,-0.0076999999999999985,0.010099999999999998,0.001341342,-0.00201514
2024-01-31,-3.6750931236510267,-4.677399457487832,0.19442397,-0.017441345,0.0524,-0.012200000000000003,0.009000000000000001,0.000797014,-0.00099332
2024-02-29,-3.6750931236510267,-4.677399457487832,0.192075816,-0.01518814,0.0522,-0.011600000000000006,0.008100000000000003,0.000979505,0.005447504
2024-03-31,-3.6750931236510267,-4.677399457487832,0.187908419,-0.013677685,0.0524,-0.010300000000000004,0.007400000000000004,0.001254883,0.006189672
2024-04-30,-3.6750931236510267,-4.677399457487832,0.195641159,-0.011172207,0.0524,-0.010300000000000004,0.007400000000000004,0.00078185,0.00646417
2024-05-31,-3.6750931236510267,-4.677399457487832,0.205943952,-0.011515042,0.0524,-0.006999999999999999,0.007199999999999998,0.001557687,0.003893293
2024-06-30,-3.6750931236510267,-4.677399457487832,0.201310437,-0.012130355,0.0525,-0.0076999999999999985,0.006999999999999999,0.000828686,0.001661628
2024-07-31,-3.6750931236510267,-4.677399457487832,0.199084534,-0.014269685,0.0524,-0.009300000000000003,0.006900000000000003,0.000355889,0.000337506
2024-08-31,-3.6750931236510267,-4.677399457487832,0.190681391,-0.011832143,0.052,-0.009499999999999995,0.007199999999999998,0.001747878,0.001161773
2024-09-30,-3.6750931236510267,-4.677399457487832,0.187376874,-0.011028221,0.0505,-0.011800000000000005,0.007300000000000001,0.003184233,0.000813887
2024-10-31,-3.6750931236510267,-4.677399457487832,0.183981394,-0.010282576,0.0472,-0.010000000000000002,0.007399999999999997,0.001465738,0.001604214
2024-11-30,-3.6750931236510267,-4.677399457487832,0.186477845,-0.009457644,0.0451,-0.0040999999999999995,0.0068000000000000005,0.001062302,0.001151281
2024-12-31,-3.6750931236510267,-4.677399457487832,0.173410093,-0.004120576,0.0442,-0.0006000000000000033,0.006399999999999996,0.001263985,-0.000541715
2025-01-31,-3.6750931236510267,-4.677399457487832,0.183055654,-0.004612267,0.0427,0.0011999999999999997,0.006000000000000005,0.001643485,0.000355
2025-02-28,-3.6750931236510267,-4.677399457487832,0.174834874,-0.006192115,0.0421,0.004200000000000002,0.006199999999999997,0.001524659,0.006546157
2025-03-31,-3.6750931236510267,-4.677399457487832,0.177641386,-0.007631766,0.0422,0.0022999999999999965,0.006000000000000005,0.001260783,0.004441702
2025-04-30,-3.6750931236510267,-4.677399457487832,0.195833222,-0.012111915,0.042,0.0007999999999999952,0.006399999999999996,0.003531992,0.002247071
2025-05-31,-3.6750931236510267,-4.677399457487832,0.202249064,-0.012935266,0.0421,0.0006999999999999992,0.007300000000000001,0.019337891,0.003114456
2025-06-30,-3.6750931236510267,-4.677399457487832,0.194590168,-0.013919579,0.0425,0.0017000000000000001,0.0075,0.002376382,0.002088561
2025-07-31,-3.6750931236510267,-4.677399457487832,0.186537769,-0.011158311,0.0423,0.0015000000000000013,0.006899999999999996,0.00086171,0.003409391
2025-08-31,-3.6750931236510267,-4.677399457487832,0.186384712,-0.009865319,0.0425,0.0013999999999999985,0.006499999999999999,0.00037119,0.001509792
2025-09-30,-3.6750931236510267,-4.677399457487832,0.180598566,-0.009118039,0.0412,0.0013999999999999985,0.006499999999999999,0.001143744,0.002872638
2025-10-31,-3.6750931236510267,-4.677399457487832,0.17727832,-0.008640748,0.0392,0.0020000000000000018,0.006199999999999997,0.000459401,0.002543398
2025-11-30,-3.6750931236510267,-4.677399457487832,0.172936158,-0.008995503,0.0382,0.0023999999999999994,0.006100000000000001,0.001645772,-0.001043719
2025-12-31,-3.6750931236510267,-4.677399457487832,0.172379655,-0.008713435,0.0378,0.0030999999999999986,0.005999999999999998,0.001699643,-0.00104481
